<?xml version='1.0' encoding='UTF-8'?>
<DEFECTS><DEFECT><SFA><FILEPATH>c:\dxlib_vc\プロジェクトに追加すべきファイル_vc用\</FILEPATH><FILENAME>dxdirectx.h</FILENAME><LINE>5603</LINE><COLUMN>6</COLUMN></SFA><DEFECTCODE>26135</DEFECTCODE><DESCRIPTION>注釈 _Acquires_lock_(this-&gt;m_CritSec) が関数 'DxLib::D_CCritSec::Lock' で見つかりません。</DESCRIPTION><FUNCTION>DxLib::D_CCritSec::Lock</FUNCTION><DECORATED>?Lock@D_CCritSec@DxLib@@QAEXXZ</DECORATED><FUNCLINE>5603</FUNCLINE><PATH><SFA><FILEPATH>c:\dxlib_vc\プロジェクトに追加すべきファイル_vc用\</FILEPATH><FILENAME>dxdirectx.h</FILENAME><LINE>5603</LINE><COLUMN>6</COLUMN></SFA></PATH></DEFECT><DEFECT><SFA><FILEPATH>c:\dxlib_vc\プロジェクトに追加すべきファイル_vc用\</FILEPATH><FILENAME>dxdirectx.h</FILENAME><LINE>5604</LINE><COLUMN>6</COLUMN></SFA><DEFECTCODE>26135</DEFECTCODE><DESCRIPTION>注釈 _Releases_lock_(this-&gt;m_CritSec) が関数 'DxLib::D_CCritSec::Unlock' で見つかりません。</DESCRIPTION><FUNCTION>DxLib::D_CCritSec::Unlock</FUNCTION><DECORATED>?Unlock@D_CCritSec@DxLib@@QAEXXZ</DECORATED><FUNCLINE>5604</FUNCLINE><PATH><SFA><FILEPATH>c:\dxlib_vc\プロジェクトに追加すべきファイル_vc用\</FILEPATH><FILENAME>dxdirectx.h</FILENAME><LINE>5604</LINE><COLUMN>6</COLUMN></SFA></PATH></DEFECT><DEFECT><SFA><FILEPATH>c:\users\nwuser.da\documents\visual studio 2013\projects\soulcollectordxlib\soulcollectordxlib\</FILEPATH><FILENAME>entry.cpp</FILENAME><LINE>15</LINE><COLUMN>11</COLUMN></SFA><DEFECTCODE>28251</DEFECTCODE><DESCRIPTION>'WinMain' に対する整合性のない注釈: このインスタンスには 注釈なし が含まれます。c:\program files (x86)\windows kits\8.1\include\um\winbase.h(905) を参照してください。</DESCRIPTION><FUNCTION>WinMain</FUNCTION><DECORATED>WinMain@16</DECORATED><FUNCLINE>15</FUNCLINE><PATH/></DEFECT></DEFECTS>